utc,pid,state,cpu_one_core_percent,cpu_lifetime_percent,rss_sum_kib,threads,app_log_bytes
2026-10-02T05:48:04Z,197,S,0,0,4496,3,0
2026-10-02T05:48:05Z,197,S,5.93,7,21232,4,1385
2026-10-02T05:48:06Z,197,S,0.00,3.5,46836,4,1451
2026-10-02T05:48:07Z,197,S,0.00,2.2,46836,4,1451
2026-10-02T05:48:08Z,197,S,0.00,1.7,46836,4,1451
2026-10-02T05:48:09Z,197,S,0.00,1.4,72440,4,1517
2026-10-02T05:48:10Z,197,S,0.00,1.1,72440,4,1517
2026-10-02T05:48:11Z,197,S,0.00,0.9,72440,4,1517
2026-10-02T05:48:12Z,197,S,0.00,0.8,98044,4,1583
2026-10-02T05:48:13Z,197,S,0.00,0.7,98044,4,1583
2026-10-02T05:48:14Z,197,S,0.00,0.7,98044,4,1583
2026-10-02T05:48:15Z,197,EXIT,0,0,0,0,0
